,eventID,EarthquakeMagnitude,EarthquakeTime,EarthquakeLatitude,EarthquakeLongitude,EarthquakeDepth,max_epicentral,max_hypocentral,max_rupture
nc51198230,nc51198230,3.1,2008-03-13T17:56:22.590000Z,39.5925,-120.28083,9.56,300.08,300.67,300.05
nc73563910,nc73563910,2.8,2021-05-17T19:49:55.160000Z,39.12733,-120.0345,7.29,305.47,305.91,305.41
nn00242585,nn00242585,2.9,2008-04-26T08:20:28.167000Z,39.5208,-119.9275,2.7,305.31,304.68,305.17
nc72822191,nc72822191,3.1,2017-06-27T12:14:11.220000Z,39.47,-120.33783,-0.88,304.19,303.98,304.44
nn00245339,nn00245339,2.7,2008-05-14T18:52:05.368000Z,39.5081,-119.9115,2.3,306.46,305.72,306.35
nn00867596,nn00867596,3.6,2023-10-19T07:43:04.369000Z,39.621,-119.6343,10.5,305.51,305.35,305.37
nc73428961,nc73428961,2.6,2020-07-21T11:42:54.520000Z,39.43283,-120.29333,6.79,305.99,306.08,305.95
nn00888595,nn00888595,2.8,2024-12-09T23:32:29.604000Z,39.1435,-119.0734,13.5,305.38,305.63,305.55
nn00244218,nn00244218,2.5,2008-05-06T08:41:44.248000Z,39.4858,-119.8879,2.4,305.58,305.46,305.49
nc21227205,nc21227205,2.6,2002-05-25T09:58:18.940000Z,39.14433,-120.05583,8.1,265.74,265.59,265.76
nn00044183,nn00044183,3.1,2002-02-05T05:12:43.462000Z,39.1445,-119.582,7.9,302.51,302.16,302.42
nc73554390,nc73554390,2.8,2021-04-25T15:35:48.970000Z,39.12683,-120.0295,6.56,302.83,303.22,302.76
nn00523704,nn00523704,2.5,2015-12-23T08:29:20.628000Z,39.43,-119.7816,8.5,302.21,301.98,302.23
nn00242719,nn00242719,3.0,2008-04-26T14:47:37.268000Z,39.5092,-119.92,2.2,305.73,304.98,305.56
nn00888707,nn00888707,3.2,2024-12-10T01:52:59.501000Z,39.1504,-119.0498,12.4,304.87,304.96,304.92
nn00283280,nn00283280,3.2,2008-04-26T15:20:40.572000Z,39.546,-119.9456,0.2,305.98,305.53,305.76
nc71761975,nc71761975,2.8,2012-04-09T23:52:03.130000Z,39.33833,-120.02,2.75,300.28,300.25,300.15
nn00279138,nn00279138,2.6,2008-04-26T07:26:52.797000Z,39.5233,-119.8954,0.7,304.6,304.93,304.48
nn00390140,nn00390140,3.8,2012-10-03T19:51:08.433000Z,39.7236,-119.4361,10.9,305.7,305.83,305.5
nn00889414,nn00889414,3.1,2024-12-13T04:45:37.651000Z,39.1735,-119.0211,5.5,305.37,304.75,305.23
nn00867360,nn00867360,2.7,2023-10-15T19:52:11.602000Z,39.6305,-119.6182,8.7,303.86,303.98,303.86
nn00888364,nn00888364,2.8,2024-12-05T19:31:28.920000Z,39.1624,-119.0383,11.8,304.02,303.6,304.12
nn00687042,nn00687042,3.7,2019-06-07T04:49:46.740000Z,39.2579,-119.7235,10.9,305.11,305.56,304.95
nn00415325,nn00415325,2.8,2013-06-16T11:30:06.714000Z,39.1109,-119.7201,9.0,304.12,304.65,304.12
nn00249902,nn00249902,2.5,2008-06-15T07:54:15.480000Z,39.5409,-119.9168,1.0,304.06,303.96,303.96
nn00873356,nn00873356,2.6,2024-02-13T15:26:58.780000Z,39.396,-119.7161,6.7,303.57,303.68,303.53
nn00888938,nn00888938,2.6,2024-12-10T11:55:42.129000Z,39.1698,-119.0541,6.5,304.74,304.89,304.7
nn00137502,nn00137502,3.3,2005-04-28T20:27:15.186000Z,39.0993,-119.0055,5.2,305.44,305.21,305.25
nn00720284,nn00720284,3.3,2020-03-25T06:31:19.627000Z,39.5721,-119.0699,11.1,302.32,302.52,302.29
nc73502910,nc73502910,3.0,2020-12-26T05:54:55.850000Z,39.25133,-120.17533,-2.3,305.05,304.37,305.42
nn00242546,nn00242546,2.5,2008-04-26T07:09:37.343000Z,39.5397,-119.9166,1.2,305.56,305.87,305.46
nn00341413,nn00341413,2.9,2011-06-22T19:59:51.019000Z,39.319,-119.9859,7.2,304.87,305.43,304.8
nn00751474,nn00751474,2.6,2020-06-21T21:01:14.506000Z,39.599,-119.0825,9.1,303.86,304.0,303.89
nc73544965,nc73544965,2.6,2021-04-02T03:24:00.730000Z,39.2355,-120.10017,4.92,305.25,305.6,305.18
nn00380513,nn00380513,2.9,2012-06-26T21:21:58.501000Z,39.3101,-119.9921,7.0,304.08,304.63,304.0
nn00395207,nn00395207,2.5,2012-12-02T08:48:40.328000Z,39.4024,-119.7918,10.3,305.17,305.13,305.25
nn00239224,nn00239224,2.5,2008-03-25T15:41:06.050000Z,39.5316,-119.9368,1.6,305.72,305.13,305.62
nn00845098,nn00845098,2.6,2022-08-16T03:23:05.116000Z,39.5744,-119.0905,14.5,303.8,303.46,304.05
nc73938276,nc73938276,2.5,2023-09-18T08:04:48.250000Z,39.222,-120.09567,1.96,304.93,305.4,304.83
nn00237524,nn00237524,3.2,2008-03-08T10:07:00.399000Z,39.5229,-119.9321,1.5,305.62,304.97,305.41
nn00242381,nn00242381,2.5,2008-04-25T17:26:17.118000Z,39.5286,-119.9325,1.2,304.99,305.08,304.89
nc73524686,nc73524686,2.7,2021-02-18T16:07:14.790000Z,39.74967,-120.339,9.59,304.81,305.06,304.84
nn00030298,nn00030298,2.6,2001-05-29T06:21:08.617000Z,39.3079,-119.9797,9.3,289.41,289.99,289.45
nc71354895,nc71354895,2.9,2010-02-26T05:51:17.290000Z,39.81517,-120.05,7.04,294.89,294.65,294.82
nc72822101,nc72822101,3.0,2017-06-27T09:16:28.920000Z,39.46717,-120.33417,-1.1,302.29,302.12,302.5
nn00870545,nn00870545,2.6,2023-12-23T04:05:20.371000Z,39.6197,-119.6308,7.9,305.24,305.29,305.23
nn00059455,nn00059455,2.7,2002-11-21T01:05:13.268000Z,39.3819,-119.1684,14.4,295.89,296.59,296.13
nn00867368,nn00867368,2.9,2023-10-15T23:53:04.956000Z,39.6193,-119.6407,8.6,305.64,305.81,305.61
nc71607645,nc71607645,2.6,2011-07-26T07:18:51.120000Z,39.214,-120.07233,4.45,304.64,305.14,304.56
nc21081757,nc21081757,3.5,2000-02-06T02:31:17.240000Z,39.32817,-120.03,0.56,297.59,297.78,297.31
nn00889423,nn00889423,3.5,2024-12-13T04:54:01.917000Z,39.1596,-119.0367,4.9,305.26,304.83,305.01
nn00848972,nn00848972,2.8,2022-10-10T22:35:23.589000Z,39.3511,-119.9712,7.2,304.91,304.56,304.85
nn00889047,nn00889047,2.8,2024-12-10T02:50:07.415000Z,39.1702,-119.046,7.9,305.1,305.29,305.06
nn00241158,nn00241158,2.7,2008-04-15T15:20:20.984000Z,39.5349,-119.9375,2.3,305.67,305.4,305.56
nn00382219,nn00382219,2.8,2012-07-09T20:40:21.096000Z,39.3097,-119.9876,7.4,303.92,304.49,303.88
nc73506345,nc73506345,2.7,2021-01-03T03:39:51.320000Z,39.57617,-120.05517,2.56,300.95,301.23,300.84
nn00067737,nn00067737,2.6,2003-05-24T11:09:39.334000Z,38.7991,-119.637,10.7,304.52,305.21,304.6
nn00889415,nn00889415,3.3,2024-12-13T04:45:55.640000Z,39.1652,-119.0336,4.7,305.13,305.01,304.93
nc21509519,nc21509519,2.7,2006-03-16T08:43:32.510000Z,39.7125,-120.27933,5.33,305.72,306.01,305.65
nn00714016,nn00714016,2.7,2019-12-26T08:13:47.250000Z,39.3505,-119.993,9.0,300.27,300.42,300.29
nn00523705,nn00523705,2.9,2015-12-23T06:59:05.423000Z,39.4284,-119.7856,8.1,304.98,304.86,304.93
nc72796075,nc72796075,2.9,2017-05-02T21:12:55.100000Z,39.253,-120.1735,0.0,301.11,300.79,300.92
nc71502540,nc71502540,3.3,2010-12-29T01:53:33.420000Z,39.23233,-120.10167,4.32,305.01,304.7,304.81
nc71958445,nc71958445,2.6,2013-03-22T14:01:40.330000Z,39.625,-120.01283,2.55,305.3,305.4,305.2
nn00888826,nn00888826,2.5,2024-12-10T05:47:08.093000Z,39.1589,-119.0348,12.0,305.15,305.22,305.29
nn00864692,nn00864692,2.5,2023-08-20T11:06:28.773000Z,39.6362,-119.646,9.6,305.44,304.93,305.49
nn00435804,nn00435804,2.7,2014-01-24T18:39:41.017000Z,39.4233,-119.568,9.2,306.39,305.82,306.41
nn00279614,nn00279614,2.7,2008-04-26T08:05:44.047000Z,39.4986,-119.906,0.0,305.42,305.29,305.26
nc21307453,nc21307453,2.5,2003-09-16T04:54:09.110000Z,39.22233,-120.06567,24.29,298.62,299.96,299.54
nn00487602,nn00487602,2.5,2008-04-24T22:48:25.735000Z,39.5264,-119.9271,1.3,305.41,305.53,305.31
nn00861783,nn00861783,2.6,2023-06-26T23:37:52.887000Z,39.6438,-119.653,9.3,305.6,305.42,305.64
nn00242035,nn00242035,2.7,2008-04-23T06:21:09.396000Z,39.5142,-119.9232,1.6,305.18,304.53,305.06
nn00242405,nn00242405,2.6,2008-04-25T18:38:03.025000Z,39.5262,-119.9275,1.3,305.03,305.12,304.92
nn00793883,nn00793883,2.5,2020-12-20T22:24:16.793000Z,39.5776,-119.0761,6.2,302.43,302.49,302.39
nc73193846,nc73193846,2.8,2019-06-07T03:51:40.300000Z,39.366,-120.018,-2.1,306.01,305.34,306.35
nc73407201,nc73407201,2.8,2020-06-11T17:05:04.510000Z,39.434,-120.29283,6.59,304.7,304.81,304.64
nn00430713,nn00430713,3.0,2013-12-06T20:20:18.020000Z,39.348,-119.9992,7.2,302.29,302.33,302.21
nn00278766,nn00278766,2.9,2008-04-26T06:43:03.886000Z,39.5092,-119.9256,3.0,305.01,304.9,304.87
nn00888611,nn00888611,3.6,2024-12-09T23:39:50.774000Z,39.1714,-119.0294,12.1,305.86,305.97,305.78
nn00888275,nn00888275,3.8,2024-12-04T18:46:54.621000Z,39.1604,-119.0411,11.1,305.65,305.35,305.46
nn00242296,nn00242296,3.2,2008-04-25T08:42:58.205000Z,39.5165,-119.9246,2.5,305.28,304.58,305.08
nn00243344,nn00243344,3.0,2008-04-29T05:51:05.388000Z,39.5113,-119.9213,3.6,305.69,305.72,305.54
nn00888618,nn00888618,2.6,2024-12-09T23:50:48.519000Z,39.1591,-119.0419,13.2,305.53,305.31,305.71
nc21452289,nc21452289,2.6,2005-04-26T06:04:24.550000Z,39.23167,-120.0875,7.82,306.0,305.75,305.98
nc73566711,nc73566711,4.2,2021-05-28T15:25:21.840000Z,39.12217,-120.02867,7.02,305.15,305.58,304.66
nn00248760,nn00248760,3.9,2008-06-08T17:55:19.421000Z,39.5464,-119.9213,1.5,305.39,304.64,304.95
nn00350873,nn00350873,2.8,2011-10-11T09:14:16.327000Z,39.5188,-119.4133,7.0,303.94,303.82,303.88
nn00874233,nn00874233,3.2,2024-03-06T00:22:11.052000Z,39.4079,-119.6893,8.6,304.03,303.51,303.94
nn00231936,nn00231936,2.5,2008-02-02T15:19:23.014000Z,39.1432,-119.634,6.7,304.89,304.39,304.87
nn00888643,nn00888643,3.0,2024-12-10T00:18:14.289000Z,39.1688,-119.0322,9.4,305.68,305.73,305.66
nc71660896,nc71660896,2.5,2011-10-09T15:39:43.890000Z,39.494,-120.359,-0.7,304.5,304.3,304.62
nn00243576,nn00243576,2.5,2008-05-01T03:16:17.053000Z,39.5095,-119.9196,0.1,305.64,305.64,305.53
nn00243582,nn00243582,2.5,2008-05-01T04:10:51.406000Z,39.5514,-119.9554,2.8,305.47,305.35,305.38
nc51181693,nc51181693,2.6,2007-05-08T21:20:20.280000Z,39.226,-120.089,7.94,305.55,305.3,305.54
nn00243788,nn00243788,2.9,2008-05-02T17:11:55.235000Z,39.5274,-119.926,2.4,305.21,305.31,305.07
nc72822081,nc72822081,2.9,2017-06-27T09:04:48.570000Z,39.46733,-120.336,-0.99,304.13,303.92,304.32
nc73352615,nc73352615,3.7,2020-03-11T01:17:16.090000Z,39.47517,-120.2455,7.87,304.71,305.21,304.45
nn00245216,nn00245216,2.5,2008-05-13T19:47:37.741000Z,39.506,-119.9138,2.7,305.67,305.68,305.58
nn00241226,nn00241226,3.0,2008-04-15T21:26:35.295000Z,39.5329,-119.9331,1.9,305.38,304.72,305.21
nn00889754,nn00889754,3.2,2024-12-16T15:57:18.395000Z,39.1459,-119.0594,9.9,304.89,304.62,304.84
nc72269026,nc72269026,2.8,2014-07-31T17:56:50.710000Z,39.36217,-120.00117,2.08,291.66,291.4,291.53
nn00242495,nn00242495,2.6,2008-04-26T02:40:54.989000Z,39.5276,-119.9293,0.9,305.41,305.53,305.3
nn00553959,nn00553959,3.1,2016-07-31T19:00:06.561000Z,39.4347,-119.7375,6.7,301.6,301.97,301.48
nn00523682,nn00523682,3.0,2015-12-23T06:36:30.079000Z,39.4282,-119.7812,9.4,304.6,304.28,304.58
nn00244503,nn00244503,2.6,2008-05-08T02:47:39.572000Z,39.5446,-119.9199,3.1,305.52,304.79,305.42
nc73352670,nc73352670,2.8,2020-03-11T04:32:31.750000Z,39.47483,-120.244,8.1,302.1,301.99,302.08
nn00278756,nn00278756,3.0,2008-04-26T06:41:36.130000Z,39.5126,-119.9262,4.0,0.92,5.54,3.82
nn00888621,nn00888621,2.6,2024-12-09T23:55:40.405000Z,39.1635,-119.0428,11.6,305.5,305.64,305.61
nc73597286,nc73597286,2.8,2021-07-22T03:12:03.390000Z,38.80867,-119.79667,6.28,304.61,304.83,304.54
nn00242631,nn00242631,2.7,2008-04-26T10:17:13.130000Z,39.5278,-119.9263,2.3,304.98,304.34,304.87
nn00528459,nn00528459,2.6,2016-01-26T11:53:45.370000Z,39.5898,-119.0875,9.4,290.34,290.81,290.38
nn00278758,nn00278758,3.5,2008-04-26T06:41:41.008000Z,39.522,-119.9334,2.7,303.46,303.44,303.18
nn00888610,nn00888610,3.1,2024-12-09T23:41:07.665000Z,39.1627,-119.0387,12.5,304.62,304.75,304.69
nn00286275,nn00286275,2.5,2009-06-17T10:34:34.451000Z,39.5284,-119.9189,7.3,305.67,305.84,305.66
nn00278767,nn00278767,2.8,2008-04-26T06:42:55.877000Z,39.524,-119.9221,1.6,304.28,304.25,304.14
nn00888280,nn00888280,2.8,2024-12-04T19:31:51.305000Z,39.164,-119.041,9.6,305.56,305.63,305.58
nn00321478,nn00321478,2.5,2010-11-28T15:13:13.454000Z,39.4248,-119.8634,12.2,299.75,299.92,299.91
nn00278760,nn00278760,3.5,2008-04-26T06:41:44.617000Z,39.5249,-119.926,2.3,304.13,304.1,303.84
nc73554845,nc73554845,3.2,2021-04-26T12:37:11.860000Z,39.1235,-120.031,6.39,305.2,305.62,305.05
nc73554400,nc73554400,2.9,2021-04-25T15:44:58.930000Z,39.12933,-120.032,5.2,300.41,299.82,300.29
nc72241091,nc72241091,2.9,2014-06-21T00:13:48.130000Z,39.3505,-120.00167,-1.67,298.39,298.58,298.66
nn00162499,nn00162499,3.2,2005-09-16T15:06:26.054000Z,39.0739,-119.6303,10.9,304.44,304.66,304.43
nn00888604,nn00888604,3.2,2024-12-09T23:36:11.322000Z,39.175,-119.017,10.0,305.03,305.01,304.98
nn00861503,nn00861503,2.8,2023-06-21T14:18:25.249000Z,39.6242,-119.9699,6.8,305.15,305.33,305.09
nn00863066,nn00863066,2.6,2023-07-21T21:07:57.061000Z,39.349,-119.9993,7.3,305.47,305.04,305.45
nn00436637,nn00436637,3.2,2014-01-30T07:00:00.779000Z,39.4211,-119.5675,8.9,293.5,293.72,293.43
nn00264545,nn00264545,2.9,2008-11-05T23:32:25.280000Z,39.0553,-118.9068,9.1,305.93,305.86,305.91
nn00002400,nn00002400,3.0,2000-02-09T21:13:54.533000Z,39.5515,-118.956,7.9,249.32,249.89,249.27
nn00243152,nn00243152,4.0,2008-04-28T11:33:18.257000Z,39.5275,-119.9274,1.1,305.09,304.6,304.59
nc21267688,nc21267688,2.6,2003-02-13T07:19:02.710000Z,39.48417,-120.30283,-1.78,283.4,282.85,283.69
nn00307350,nn00307350,3.4,2010-03-25T05:35:45.017000Z,38.8186,-119.3684,6.7,301.94,301.53,301.75
nn00247350,nn00247350,3.6,2008-05-08T05:55:01.579000Z,39.54,-119.9256,2.6,305.39,305.61,305.08
nn00243596,nn00243596,3.2,2008-05-01T07:26:50.377000Z,39.5374,-119.9353,2.3,304.65,305.01,304.45
nc74000481,nc74000481,3.2,2024-02-10T09:46:37.140000Z,39.39333,-120.15517,5.73,304.02,304.25,303.86
nn00038991,nn00038991,2.6,2001-10-30T04:43:18.733000Z,39.3057,-119.9713,6.5,299.1,299.17,299.06
nn00245454,nn00245454,3.3,2008-05-15T13:44:47.933000Z,39.5397,-119.9193,3.2,305.6,305.8,305.38
nn00242215,nn00242215,3.1,2008-04-25T01:00:33.451000Z,39.5246,-119.9283,1.6,305.25,305.31,305.07
nn00516927,nn00516927,2.5,2008-04-15T00:27:59.393000Z,39.5232,-119.9532,2.7,302.42,302.4,302.33
nc75090886,nc75090886,2.5,2024-11-26T23:53:37.430000Z,39.33217,-120.13883,8.0,302.03,302.53,302.03
nn00861791,nn00861791,3.0,2023-06-27T01:05:31.408000Z,39.6342,-119.6433,9.5,305.69,305.51,305.67
nn00889312,nn00889312,3.2,2024-12-12T02:57:15.080000Z,39.1838,-119.001,5.5,305.36,305.21,305.2
nc21086071,nc21086071,3.1,2000-03-10T23:56:57.360000Z,39.63867,-120.33467,5.26,279.79,279.7,279.66
nn00346705,nn00346705,2.6,2011-09-02T05:23:17.054000Z,39.079,-119.6327,10.8,305.49,305.46,305.57
nn00459165,nn00459165,2.7,2014-09-11T20:02:20.663000Z,39.6057,-119.7292,10.6,304.29,304.08,304.35
nn00523696,nn00523696,4.4,2015-12-23T06:46:07.342000Z,39.4309,-119.7845,9.7,305.23,305.18,304.63
nn00874424,nn00874424,3.2,2024-03-09T06:27:25.425000Z,39.4113,-119.6925,8.5,303.85,303.54,303.76
nc73193831,nc73193831,2.6,2019-06-07T03:43:11.040000Z,39.36833,-120.02033,-2.03,305.87,305.2,306.2
nn00888661,nn00888661,4.2,2024-12-10T00:39:56.966000Z,39.1686,-119.0225,8.1,306.11,306.07,305.61
nn00861737,nn00861737,3.1,2023-06-26T02:26:51.900000Z,39.6464,-119.6463,9.3,305.17,304.64,305.12
nn00872549,nn00872549,3.5,2024-01-29T00:03:00.095000Z,39.4074,-119.6995,8.8,305.26,305.2,305.09
nn00487689,nn00487689,2.5,2008-04-24T23:52:22.401000Z,39.5212,-119.9244,3.1,305.14,305.21,305.06
nn00163749,nn00163749,2.8,2005-09-27T20:42:00.297000Z,39.0841,-119.6379,11.3,305.73,305.96,305.8
nc72822206,nc72822206,2.6,2017-06-27T12:43:43.370000Z,39.47083,-120.33533,-1.98,304.42,304.21,304.73
nn00889181,nn00889181,2.7,2024-12-11T07:25:54.449000Z,39.159,-119.0482,10.6,305.56,305.66,305.62
nn00263795,nn00263795,3.3,2008-10-27T05:41:46.525000Z,39.4537,-119.413,8.4,304.77,304.93,304.65
nc21169351,nc21169351,2.6,2001-06-09T18:27:15.240000Z,39.32383,-120.07533,11.72,279.42,279.74,279.56
nn00185054,nn00185054,2.6,2006-06-25T12:32:27.031000Z,39.3462,-119.9845,7.2,297.2,297.52,297.18
nc73566751,nc73566751,3.1,2021-05-28T16:04:54.470000Z,39.1245,-120.03383,5.41,305.2,305.61,305.06
nn00191064,nn00191064,3.2,2005-01-13T14:12:15.214000Z,39.7474,-119.8862,6.0,304.6,305.18,304.45
nn00244770,nn00244770,2.5,2008-05-10T02:42:15.067000Z,39.5403,-119.9165,4.1,305.84,305.97,305.76
nn00239115,nn00239115,3.0,2008-03-24T19:16:14.290000Z,39.5245,-119.9334,1.9,305.68,305.03,305.51
nn00681228,nn00681228,3.6,2019-04-01T14:43:27.510000Z,39.0343,-118.9044,5.9,304.68,304.68,304.41
nn00433910,nn00433910,2.7,2014-01-11T02:20:52.353000Z,39.6607,-119.6964,11.0,297.29,297.36,297.37
nn00436230,nn00436230,3.2,2014-01-28T16:27:30.452000Z,39.424,-119.5669,9.3,293.78,294.02,293.72
nn00244121,nn00244121,2.8,2008-05-05T11:09:54.172000Z,39.549,-119.9421,4.1,305.61,305.99,305.5
nc73566756,nc73566756,2.7,2021-05-28T16:22:58.320000Z,39.1255,-120.02967,6.29,305.45,305.87,305.38
nn00523690,nn00523690,2.8,2015-12-23T06:58:15.469000Z,39.432,-119.7824,9.5,305.09,305.38,305.1
nc73346460,nc73346460,2.8,2020-02-26T18:44:16.490000Z,39.65483,-120.04,2.11,305.2,305.62,305.06
nn00860674,nn00860674,2.5,2023-06-02T10:34:20.649000Z,39.6183,-119.965,5.4,304.96,304.95,304.9
nn00712041,nn00712041,2.8,2019-12-01T02:11:06.477000Z,39.111,-119.7343,8.7,304.17,304.37,304.15
nn00503403,nn00503403,2.5,2008-04-25T00:13:39.869000Z,39.5283,-119.9285,1.7,305.42,305.28,305.32
nc21457914,nc21457914,2.9,2005-05-21T10:22:54.950000Z,39.392,-120.16767,-2.34,296.1,295.63,296.48
nn00888804,nn00888804,2.5,2024-12-10T04:23:13.614000Z,39.155,-119.0473,12.6,303.5,303.64,303.67
nn00245667,nn00245667,2.5,2008-05-16T21:42:02.863000Z,39.537,-119.9338,3.5,305.3,304.67,305.22
nc21440508,nc21440508,2.6,2005-02-19T05:45:07.310000Z,39.229,-120.089,6.88,298.47,298.89,298.44
nn00861551,nn00861551,2.5,2023-06-22T12:09:36.064000Z,39.624,-119.9652,7.1,305.41,305.44,305.39
nc73855400,nc73855400,3.0,2023-03-11T16:09:08.470000Z,39.36133,-120.014,-2.13,303.98,304.3,304.33
nn00247598,nn00247598,3.0,2008-05-31T09:09:56.735000Z,39.5475,-119.929,4.1,304.73,304.01,304.58
nn00385392,nn00385392,5.1,2008-04-26T06:40:10.453000Z,39.5231,-119.9393,2.8,306.21,305.7,304.66
nn00860645,nn00860645,3.1,2023-06-02T00:28:07.553000Z,39.6214,-119.9712,6.4,304.84,304.86,304.72
nn00487790,nn00487790,2.9,2008-04-24T22:56:28.013000Z,39.521,-119.9463,3.6,300.34,300.46,300.2
nn00255746,nn00255746,3.2,2008-07-29T10:34:41.986000Z,39.5519,-119.9533,4.9,306.43,305.93,306.25
nn00860991,nn00860991,2.6,2023-06-07T21:42:18.277000Z,39.6143,-119.9636,5.7,303.89,304.09,303.83
nn00242539,nn00242539,2.9,2008-04-26T06:56:33.742000Z,39.5158,-119.9228,3.8,305.1,304.48,304.96
nn00059477,nn00059477,3.5,2002-11-21T07:51:35.066000Z,39.3824,-119.1929,8.4,296.97,296.91,296.8
nn00629667,nn00629667,2.6,2018-04-08T11:36:16.322000Z,39.3322,-119.9574,9.4,304.96,304.66,304.99
nc72296116,nc72296116,3.4,2014-09-11T00:08:42.940000Z,39.23533,-120.10117,4.04,305.23,304.91,304.99
nn00246969,nn00246969,2.6,2008-05-28T10:54:13.449000Z,39.5429,-119.9176,2.4,305.73,304.99,305.62
nn00048730,nn00048730,3.0,2002-05-22T08:49:57.087000Z,39.4239,-119.5748,16.0,302.31,302.69,302.58
nc73078235,nc73078235,3.8,2018-08-30T22:08:09.700000Z,39.23717,-120.10933,2.09,305.07,305.38,304.7
nc73554385,nc73554385,3.7,2021-04-25T15:33:23.610000Z,39.12833,-120.04333,7.51,305.31,305.72,305.04
nn00889009,nn00889009,2.7,2024-12-10T15:14:14.719000Z,39.1549,-119.0436,10.7,305.21,304.89,305.27
nn00343959,nn00343959,2.5,2011-07-28T12:16:58.233000Z,39.0196,-118.8862,9.1,305.13,304.99,305.16
nn00888580,nn00888580,5.7,2024-12-09T23:08:31.577000Z,39.1675,-119.0238,9.3,305.94,305.95,303.19
nn00751469,nn00751469,2.8,2020-06-21T20:51:08.848000Z,39.6011,-119.0895,12.1,303.64,303.9,303.75
nn00888573,nn00888573,3.0,2024-12-09T23:16:33.556000Z,39.1622,-119.0469,11.3,305.37,305.5,305.41
nn00821396,nn00821396,2.6,2021-09-06T08:45:20.712000Z,39.8721,-119.0105,14.9,303.14,303.81,303.41
nc71956270,nc71956270,2.6,2013-03-17T14:50:01.960000Z,39.62567,-120.01233,2.54,304.9,304.8,304.8
nn00001757,nn00001757,3.2,2000-01-28T03:57:42.286000Z,39.5538,-118.9515,8.0,284.54,285.13,284.44
nn00888587,nn00888587,2.5,2024-12-09T23:26:47.694000Z,39.1504,-119.0765,11.4,304.63,304.78,304.75
nn00243684,nn00243684,2.8,2008-05-01T20:14:11.500000Z,39.5332,-119.9392,3.0,305.87,305.23,305.74
nc71504090,nc71504090,3.5,2011-01-01T23:57:24.240000Z,38.8325,-119.78933,-0.44,305.47,305.65,300.97
nc73152811,nc73152811,2.9,2019-03-16T14:54:45.980000Z,39.609,-120.0435,-1.47,303.85,303.1,304.09
nc71698320,nc71698320,3.0,2011-12-23T05:30:29.850000Z,39.41233,-120.12367,-1.93,302.66,302.75,302.97
nn00778922,nn00778922,2.7,2020-10-16T06:35:22.231000Z,39.197,-119.5979,7.7,305.11,304.88,305.08
nn00321527,nn00321527,2.5,2010-11-26T23:29:22.700000Z,39.4229,-119.8653,11.2,299.27,299.27,299.38
nc21368407,nc21368407,4.2,2004-06-03T08:54:46.230000Z,39.3335,-120.00833,2.99,301.93,301.98,301.33
nn00242563,nn00242563,2.9,2008-04-26T07:32:27.028000Z,39.5282,-119.9289,1.0,305.19,304.53,305.03
nn00888784,nn00888784,2.5,2024-12-10T04:01:17.264000Z,39.1703,-119.0138,11.9,305.51,305.33,305.64
nc73559265,nc73559265,4.7,2021-05-07T04:35:14.150000Z,39.461,-120.3145,10.12,305.12,305.59,304.31
nn00240039,nn00240039,2.8,2008-04-02T00:07:46.317000Z,39.5209,-119.9342,2.1,305.86,305.21,305.73
nn00242164,nn00242164,4.1,2008-04-24T22:55:48.953000Z,39.5297,-119.9332,2.9,305.49,304.85,304.96
nc73109741,nc73109741,3.0,2018-11-12T00:53:47.320000Z,39.229,-120.09883,3.59,305.6,306.09,305.46
nn00889400,nn00889400,3.3,2024-12-13T00:54:48.442000Z,39.0966,-118.9661,9.4,305.47,305.7,305.38
nn00479246,nn00479246,2.7,2015-01-26T21:57:10.920000Z,39.3925,-119.8115,7.1,303.58,303.49,303.54
nc75037447,nc75037447,2.9,2024-07-21T03:56:34.040000Z,39.13333,-120.034,6.68,303.74,304.06,303.66
nn00385016,nn00385016,3.0,2008-04-24T23:00:21.849000Z,39.5292,-119.9477,2.5,303.4,303.76,303.24
nc73578975,nc73578975,2.9,2021-06-19T13:26:17.940000Z,39.1205,-120.0295,5.39,303.79,303.44,303.69
nn00272995,nn00272995,2.8,2008-04-28T12:12:31.354000Z,39.5275,-119.9384,0.1,305.99,305.51,305.84
nn00870301,nn00870301,3.4,2023-12-19T09:31:41.043000Z,39.6184,-119.6312,7.0,305.25,305.02,305.07
nn00849284,nn00849284,2.8,2022-10-14T21:38:56.637000Z,39.353,-119.9641,7.3,304.78,304.81,304.73
nc72372641,nc72372641,2.7,2014-12-30T10:59:56.030000Z,39.365,-120.01883,-1.7,291.55,291.53,291.82
nn00248665,nn00248665,2.7,2008-06-07T13:43:03.775000Z,39.5469,-119.9208,1.1,304.78,304.92,304.66
nn00322758,nn00322758,2.9,2010-12-18T17:46:08.869000Z,39.6344,-119.992,6.7,301.59,301.53,301.51
nn00651540,nn00651540,2.5,2018-08-19T00:57:16.354000Z,39.2335,-120.0966,7.9,303.04,303.28,303.04
nn00888588,nn00888588,3.1,2024-12-09T23:27:46.153000Z,39.1715,-119.0175,10.9,305.29,305.07,305.3
nn00889465,nn00889465,2.7,2024-12-13T08:36:04.562000Z,39.1502,-119.0684,7.7,305.23,305.13,305.21
nc21105736,nc21105736,2.8,2000-06-24T19:53:29.310000Z,39.67117,-120.29217,8.5,284.14,284.59,284.13
nn00888749,nn00888749,2.5,2024-12-10T02:50:56.073000Z,39.1737,-119.0503,6.5,305.05,305.31,305.02
nn00256508,nn00256508,2.7,2008-08-05T21:59:39.296000Z,39.5611,-119.9573,6.6,306.46,305.89,306.41
nn00888575,nn00888575,2.6,2024-12-09T23:18:12.804000Z,39.1738,-119.0319,5.8,304.19,304.05,304.13
nn00888581,nn00888581,3.1,2024-12-09T23:22:27.165000Z,39.1577,-119.042,13.0,305.46,305.23,305.55
nc71475591,nc71475591,3.1,2010-10-18T03:44:42.740000Z,39.35,-120.033,4.05,299.78,300.01,299.62
nn00130120,nn00130120,3.0,2005-03-04T05:33:45.430000Z,39.6508,-119.3244,12.0,305.53,305.56,305.6
nn00617945,nn00617945,2.6,2018-01-12T10:06:39.189000Z,39.3833,-119.7525,7.2,304.6,304.2,304.58
nn00242187,nn00242187,3.0,2008-04-24T23:51:48.593000Z,39.5165,-119.9256,3.6,305.57,305.47,305.42
nn00540403,nn00540403,2.5,2008-04-25T17:23:11.779000Z,39.5275,-119.9279,0.8,305.47,305.59,305.37
nc73296890,nc73296890,3.1,2019-10-25T13:54:29.250000Z,39.248,-120.102,3.04,303.41,302.72,303.24
nn00238353,nn00238353,2.6,2008-03-15T15:38:35.890000Z,39.5256,-119.9371,0.9,305.94,305.28,305.83
nc73723705,nc73723705,2.7,2022-04-26T13:51:05.160000Z,39.32633,-120.142,6.89,304.53,304.85,304.48
nc73308186,nc73308186,2.5,2019-11-24T10:23:36.460000Z,39.142,-120.01733,3.18,298.41,298.87,298.32
nc71691016,nc71691016,2.7,2011-12-04T06:02:46.280000Z,39.72733,-120.33817,7.68,302.86,303.05,302.83
nn00421583,nn00421583,2.7,2013-08-28T01:34:56.505000Z,39.8179,-119.5056,14.1,304.24,304.24,304.45
nn00138182,nn00138182,2.5,2005-05-05T20:15:48.385000Z,39.3435,-119.9992,10.3,285.32,285.94,285.41
nc51212688,nc51212688,2.8,2008-12-10T02:16:14.000000Z,39.71133,-120.194,-1.02,305.25,305.43,305.43
nc72973441,nc72973441,2.9,2018-02-21T20:59:10.690000Z,39.34417,-120.02717,-2.1,303.78,304.04,304.12
nn00243008,nn00243008,3.2,2008-04-27T18:31:10.687000Z,39.5311,-119.937,0.2,305.76,305.09,305.53
nn00380529,nn00380529,2.5,2012-06-27T00:58:10.613000Z,39.3079,-119.9871,7.4,303.72,304.28,303.71
nn00244029,nn00244029,2.8,2008-05-04T09:22:25.152000Z,39.5086,-119.9175,1.9,305.95,305.2,305.81
nn00178608,nn00178608,3.4,2006-04-05T12:03:16.885000Z,39.082,-119.0062,4.9,305.06,305.11,304.84
nn00242588,nn00242588,2.6,2008-04-26T08:35:22.442000Z,39.5235,-119.9305,3.0,305.47,305.11,305.37
nn00341416,nn00341416,3.1,2011-06-22T20:00:15.734000Z,39.3231,-119.9872,6.4,305.34,305.88,305.22
nn00169321,nn00169321,3.6,2005-11-29T04:45:41.190000Z,39.0793,-119.0115,6.1,304.54,304.79,304.27
nn00888591,nn00888591,3.0,2024-12-09T23:30:07.189000Z,39.1699,-119.0375,12.3,305.54,305.9,305.63
nn00307267,nn00307267,3.2,2010-03-24T02:21:03.232000Z,38.8217,-119.3694,7.5,305.44,305.27,305.32
nn00242715,nn00242715,2.9,2008-04-26T14:35:29.148000Z,39.5151,-119.9209,2.7,305.61,304.87,305.47
nn00242527,nn00242527,4.8,2008-04-26T06:39:59.648000Z,39.5212,-119.9279,2.8,305.33,305.03,304.21
nn00248821,nn00248821,2.8,2008-06-09T07:41:08.776000Z,39.5434,-119.9174,3.7,305.74,305.02,305.63
nn00253832,nn00253832,2.6,2008-07-12T00:19:29.834000Z,39.1029,-118.9456,6.6,304.57,304.11,304.53
nn00879860,nn00879860,2.5,2024-06-23T05:59:21.035000Z,38.8726,-118.988,12.6,305.58,305.28,305.75
nn00242382,nn00242382,3.2,2008-04-25T17:30:10.090000Z,39.5277,-119.9299,1.9,305.28,305.14,305.08
nc21099303,nc21099303,2.8,2000-05-22T05:53:58.790000Z,38.94933,-119.98667,2.76,284.03,283.8,283.9
nn00067198,nn00067198,3.3,2003-05-04T12:07:10.409000Z,39.5195,-119.568,8.4,302.07,302.29,301.95
nc71522186,nc71522186,2.6,2011-01-30T09:36:13.130000Z,39.24167,-120.09933,6.12,299.64,300.14,299.59
nn00870310,nn00870310,2.7,2023-12-19T16:01:07.982000Z,39.6231,-119.6351,6.3,304.01,303.71,303.95
nn00888959,nn00888959,2.9,2024-12-10T12:36:20.418000Z,39.1284,-119.0144,12.2,305.49,306.12,305.59
nn00242529,nn00242529,2.6,2008-04-26T06:45:07.758000Z,39.5249,-119.9325,3.9,304.66,304.77,304.57
nc71680395,nc71680395,2.7,2011-11-22T18:23:26.070000Z,39.40733,-120.14133,6.63,301.3,301.47,301.25
nn00241152,nn00241152,3.3,2008-04-15T14:59:37.330000Z,39.5317,-119.9347,2.2,305.55,304.9,305.32
nn00106671,nn00106671,2.5,2004-06-07T11:19:53.881000Z,39.8012,-120.0762,12.4,304.84,305.05,305.0
nc21254752,nc21254752,2.5,2002-11-15T01:06:56.600000Z,39.79533,-120.2945,9.74,300.56,300.98,300.62
nn00258424,nn00258424,2.5,2008-08-25T17:34:57.761000Z,39.5434,-119.9382,6.2,305.17,305.59,305.13
nc73027576,nc73027576,2.5,2018-06-09T00:32:12.210000Z,38.8325,-119.80417,-2.05,297.43,297.75,297.76
nn00279151,nn00279151,3.0,2008-04-26T07:32:20.424000Z,39.5283,-119.9158,2.5,304.4,304.75,304.23
nn00178631,nn00178631,3.2,2006-03-23T00:13:56.158000Z,39.3452,-119.9815,6.0,296.97,297.25,296.82
nc72241101,nc72241101,2.8,2014-06-21T00:27:12.270000Z,39.34883,-120.001,-1.92,298.2,298.39,298.51
nn00282304,nn00282304,2.5,2008-04-26T13:31:25.746000Z,39.529,-119.9202,0.8,302.93,302.83,302.83
nn00751484,nn00751484,2.7,2020-06-21T19:09:33.120000Z,39.6011,-119.0876,13.8,303.75,304.08,303.95
nn00105633,nn00105633,3.0,2004-05-12T07:33:48.710000Z,39.0827,-119.0053,7.4,305.17,305.28,305.09
nn00889487,nn00889487,2.9,2024-12-13T15:25:12.983000Z,39.1607,-119.0388,10.3,304.76,304.76,304.79
nc73036051,nc73036051,2.6,2018-06-26T07:04:20.600000Z,39.32417,-120.1405,5.46,304.86,304.93,304.8
nc75037262,nc75037262,2.7,2024-07-20T14:19:55.500000Z,39.13233,-120.03367,6.19,302.33,302.81,302.27
nn00295940,nn00295940,2.5,2009-10-22T13:59:21.748000Z,39.1285,-119.6901,7.6,299.49,299.28,299.49
nn00162500,nn00162500,3.2,2005-09-16T15:09:33.025000Z,39.0722,-119.6322,9.9,305.06,304.99,305.01
nc72822151,nc72822151,2.9,2017-06-27T10:35:47.550000Z,39.47167,-120.32717,-1.4,305.02,304.81,305.26
nn00888760,nn00888760,2.7,2024-12-10T03:16:16.140000Z,39.1704,-119.0185,9.6,305.56,305.25,305.59
nn00243658,nn00243658,3.2,2008-05-01T20:14:14.808000Z,39.5445,-119.9206,1.3,303.97,303.32,303.76
nc21465580,nc21465580,4.8,2005-06-26T18:45:57.790000Z,39.305,-120.09283,-2.26,303.12,302.4,305.61
nn00516642,nn00516642,3.0,2015-10-28T14:22:23.527000Z,39.0892,-119.6352,10.5,304.85,305.42,304.87
nn00759625,nn00759625,2.6,2020-07-13T02:56:39.647000Z,39.582,-119.0967,11.2,301.63,301.85,301.74
nn00256173,nn00256173,2.6,2008-08-01T19:30:33.583000Z,39.5835,-119.9831,2.0,305.18,305.34,305.07
nn00250426,nn00250426,2.8,2008-04-24T23:08:41.808000Z,39.5176,-119.925,2.7,305.24,304.58,305.11
nc73815951,nc73815951,3.1,2022-12-08T02:46:32.300000Z,39.631,-120.1395,-1.24,305.73,305.97,305.97
nn00169297,nn00169297,2.5,2005-11-28T22:28:57.138000Z,39.0802,-119.0136,7.4,303.91,303.44,303.9
nc73563860,nc73563860,3.4,2021-05-17T19:24:39.900000Z,39.127,-120.03167,7.17,305.53,305.98,305.37
nn00861727,nn00861727,3.4,2023-06-26T01:50:47.821000Z,39.6486,-119.6521,10.3,304.63,304.6,304.54
nn00066198,nn00066198,3.5,2003-04-05T14:18:26.138000Z,39.3793,-119.2481,12.8,301.33,301.06,301.32
nn00860639,nn00860639,3.7,2023-06-02T00:23:05.353000Z,39.6139,-119.9797,7.1,304.14,304.26,303.86
nn00190934,nn00190934,4.2,2005-09-16T15:09:44.424000Z,39.0647,-119.6272,10.4,304.88,304.83,304.46
nn00278762,nn00278762,2.5,2008-04-26T06:42:08.163000Z,39.5214,-119.9416,0.8,302.94,302.91,302.84
nn00278754,nn00278754,3.2,2008-04-26T06:41:03.685000Z,39.5267,-119.9235,0.8,304.42,304.39,304.21
nn00243347,nn00243347,3.0,2008-04-29T06:01:53.435000Z,39.5154,-119.919,3.8,305.77,305.05,305.62
nn00242605,nn00242605,3.3,2008-04-26T09:11:59.819000Z,39.5247,-119.9285,1.2,305.27,305.0,305.03
nn00487664,nn00487664,3.1,2008-04-24T22:54:37.825000Z,39.5326,-119.937,2.5,305.71,305.62,305.53
nn00719846,nn00719846,3.2,2020-03-22T02:53:13.892000Z,39.1163,-119.7431,8.1,304.17,304.42,304.06
nn00117417,nn00117417,2.7,2004-10-18T11:10:09.017000Z,39.0675,-119.6077,12.1,303.1,303.17,303.23
nn00313976,nn00313976,2.5,2010-07-19T19:18:33.011000Z,39.4145,-119.9247,9.5,305.42,305.44,305.47
nn00436688,nn00436688,2.5,2014-01-30T13:07:51.463000Z,39.4218,-119.569,9.8,292.59,292.71,292.66
nc73566741,nc73566741,2.6,2021-05-28T15:46:36.720000Z,39.1265,-120.03467,6.91,304.68,304.03,304.64
nn00872355,nn00872355,2.5,2024-01-26T00:12:18.850000Z,39.4076,-119.6945,10.1,305.6,305.58,305.67
nn00494644,nn00494644,2.7,2015-05-17T01:54:41.224000Z,39.0509,-118.9523,8.3,305.65,305.76,305.64
nc73558875,nc73558875,2.5,2021-05-06T13:18:34.070000Z,39.12633,-120.03283,7.85,304.83,304.21,304.83
nn00343054,nn00343054,3.0,2011-07-14T07:52:53.611000Z,39.3176,-119.9856,7.7,304.72,305.29,304.64
nc21142104,nc21142104,2.5,2001-01-04T00:29:37.950000Z,39.28233,-120.01717,5.68,292.72,292.96,292.67
nn00380267,nn00380267,4.2,2012-06-23T03:51:57.296000Z,39.3178,-119.9904,6.4,304.85,305.39,304.31
nn00494672,nn00494672,2.5,2015-05-17T12:38:29.189000Z,39.6093,-119.4301,12.0,302.4,303.06,302.54
nc73938166,nc73938166,3.2,2023-09-18T04:17:37.720000Z,39.2225,-120.09567,3.53,304.98,305.47,304.79
nn00414380,nn00414380,2.9,2013-06-05T12:59:34.439000Z,39.1143,-119.7142,9.4,305.27,305.58,305.27
nn00001802,nn00001802,2.5,2000-01-28T20:57:04.879000Z,39.5434,-118.9612,15.8,218.24,218.3,218.73
nn00229399,nn00229399,3.3,2008-01-12T11:51:39.475000Z,38.835,-119.6493,7.4,302.63,303.21,302.48
nn00862754,nn00862754,2.8,2023-07-16T13:36:38.788000Z,39.3942,-119.7142,6.4,305.01,304.53,304.94
nc21370353,nc21370353,3.4,2004-06-12T15:04:19.110000Z,39.40733,-120.21133,-1.08,298.97,298.55,299.3
nn00231198,nn00231198,3.5,2008-01-28T22:18:34.593000Z,39.3087,-119.9713,11.2,303.79,303.34,303.71
nn00819000,nn00819000,3.3,2021-08-19T05:23:53.235000Z,39.1265,-119.6632,11.3,305.52,305.95,305.5
nn00436681,nn00436681,2.6,2014-01-30T11:42:49.677000Z,39.4218,-119.5925,11.93,304.87,304.63,305.0
nn00178326,nn00178326,2.5,2006-03-31T12:12:13.053000Z,39.388,-119.1451,12.3,304.01,304.02,304.17
nn00348842,nn00348842,2.6,2011-09-22T22:46:46.451000Z,39.1337,-119.6049,10.3,305.54,305.13,305.6
nn00889155,nn00889155,2.5,2024-12-11T04:48:24.355000Z,39.1613,-119.0406,12.7,305.42,305.22,305.59
nn00307385,nn00307385,3.5,2010-03-24T02:22:03.802000Z,38.8228,-119.3694,7.9,305.15,305.38,304.96
nn00522707,nn00522707,2.8,2008-04-16T00:53:52.450000Z,39.5283,-119.94,2.0,306.09,305.44,305.96
nn00251646,nn00251646,2.9,2008-04-25T12:42:17.872000Z,39.5255,-119.9315,2.8,305.49,304.85,305.35
nn00833739,nn00833739,2.5,2022-02-12T16:55:53.594000Z,39.4843,-119.1359,8.6,303.46,303.29,303.48
nn00249024,nn00249024,3.0,2008-06-10T00:18:35.021000Z,39.5464,-119.9189,1.2,305.6,304.85,305.43
nn00104454,nn00104454,2.7,2004-04-10T13:57:49.554000Z,39.5118,-119.7503,4.9,305.22,305.26,305.13
nn00274506,nn00274506,2.5,2008-04-27T14:41:18.483000Z,39.5196,-119.9233,2.3,305.38,304.95,305.28
nn00244367,nn00244367,2.5,2008-05-07T04:03:21.122000Z,39.5469,-119.9514,3.2,306.43,305.79,306.34
nn00888613,nn00888613,3.3,2024-12-09T23:49:05.491000Z,39.1787,-119.0205,6.8,305.58,305.72,305.42
nn00278764,nn00278764,3.0,2008-04-26T06:42:27.492000Z,39.5253,-119.9243,0.9,295.76,295.58,295.59
nc73051211,nc73051211,2.7,2018-07-21T09:16:40.690000Z,39.4755,-120.24583,6.45,305.25,304.95,305.2
nn00137417,nn00137417,2.8,2005-04-28T10:27:43.281000Z,39.1031,-118.9945,3.2,305.12,304.64,305.0
nc21370352,nc21370352,3.6,2004-06-12T14:49:41.810000Z,39.40733,-120.213,-0.18,299.1,298.67,298.51
nc72822076,nc72822076,3.7,2017-06-27T09:02:02.720000Z,39.4675,-120.33883,-1.58,301.99,301.81,302.44
nn00265044,nn00265044,2.9,2008-11-13T07:42:08.361000Z,39.5486,-119.9438,5.9,305.51,305.93,305.41
nc73566776,nc73566776,2.7,2021-05-28T17:05:34.460000Z,39.12067,-120.03017,6.52,305.01,305.37,304.96
nc72713711,nc72713711,2.8,2016-10-17T04:38:34.350000Z,39.41583,-120.16433,5.67,300.98,301.4,300.89
nn00380292,nn00380292,2.5,2012-06-23T07:13:46.497000Z,39.3192,-119.9857,6.3,304.89,305.43,304.85
nn00241813,nn00241813,3.0,2008-04-21T19:14:10.399000Z,39.516,-119.9235,2.3,305.38,304.64,305.22
nn00860806,nn00860806,2.9,2023-06-04T00:20:54.829000Z,39.6129,-119.9698,7.1,304.24,304.26,304.17
nc21368395,nc21368395,3.0,2004-06-03T08:25:37.560000Z,39.33633,-120.01233,2.91,301.95,302.0,301.78
nn00032442,nn00032442,3.6,2001-07-07T07:33:54.192000Z,39.3118,-119.9707,9.5,301.09,301.18,300.92
nn00873424,nn00873424,3.0,2024-02-14T07:06:30.000000Z,39.396,-119.7146,6.4,305.2,305.38,305.1
nn00523675,nn00523675,3.2,2015-12-23T06:22:36.147000Z,39.4312,-119.7867,9.2,305.1,305.01,305.03
nn00889139,nn00889139,2.7,2024-12-09T23:29:48.993000Z,39.1625,-119.0597,8.4,305.49,305.35,305.48
nn00670931,nn00670931,3.6,2018-12-20T13:24:02.129000Z,39.1129,-119.729,8.1,304.03,304.53,303.81
nn00250198,nn00250198,2.9,2008-06-17T14:01:48.987000Z,39.5271,-119.936,4.5,305.8,305.19,305.68
nn00888685,nn00888685,2.5,2024-12-10T01:09:11.898000Z,39.1612,-119.0443,12.7,305.44,305.2,305.61
nn00494499,nn00494499,2.5,2015-05-15T20:40:53.659000Z,39.4275,-119.8635,10.1,298.27,297.99,298.34
nn00271808,nn00271808,3.2,2008-04-26T10:08:32.539000Z,39.5142,-119.9167,3.6,305.98,305.25,305.79
nn00526746,nn00526746,3.0,2015-12-23T06:45:49.315000Z,39.4308,-119.7844,9.7,305.23,305.18,305.21
nc73855405,nc73855405,2.6,2023-03-11T16:09:53.660000Z,39.35983,-120.01317,1.33,306.27,305.59,306.16
nc72112115,nc72112115,2.6,2013-11-30T08:54:13.970000Z,39.44583,-120.28333,5.23,294.48,294.64,294.41
nc72822096,nc72822096,4.0,2017-06-27T09:09:21.860000Z,39.46967,-120.33433,-1.43,305.55,305.74,306.56
nn00243901,nn00243901,2.8,2008-05-03T09:26:34.694000Z,39.5344,-119.9395,1.3,305.85,305.19,305.72
nn00719663,nn00719663,4.5,2020-03-21T01:33:35.369000Z,39.1112,-119.7361,8.4,304.39,304.94,303.68
nn00432465,nn00432465,3.5,2009-12-23T04:59:54.211000Z,39.3133,-119.9949,7.8,304.49,305.06,304.3
nc72488831,nc72488831,3.2,2015-07-19T01:36:06.880000Z,39.45267,-120.28,7.79,305.07,304.52,304.96
nn00889316,nn00889316,2.5,2024-12-12T03:23:21.035000Z,39.154,-119.0706,8.1,305.39,305.59,305.4
nn00888654,nn00888654,3.0,2024-12-10T00:32:18.468000Z,39.1661,-119.06,8.9,304.79,305.02,304.75
nn00867659,nn00867659,3.1,2023-10-20T15:59:25.565000Z,39.6274,-119.638,10.1,305.35,305.22,305.33
nn00107061,nn00107061,2.9,2004-06-19T16:10:00.102000Z,39.4679,-119.1456,12.9,297.19,297.28,297.33
nn00208650,nn00208650,2.8,2006-11-21T07:20:47.501000Z,39.3737,-119.9655,0.0,298.44,298.81,298.27
nn00123032,nn00123032,2.6,2005-01-03T12:45:19.725000Z,38.8921,-118.908,7.2,295.7,295.73,295.68
nn00243550,nn00243550,3.3,2008-04-30T21:54:04.941000Z,39.507,-119.9125,2.4,306.39,305.64,306.16
nn00524671,nn00524671,2.5,2015-12-23T07:05:44.416000Z,39.4169,-119.7867,9.3,304.11,304.02,304.15
nc72822266,nc72822266,2.9,2017-06-27T16:17:38.980000Z,39.46917,-120.336,-1.17,304.26,304.05,304.46
nn00241238,nn00241238,3.3,2008-04-15T21:33:57.644000Z,39.5358,-119.9339,1.7,305.35,304.89,305.12
nn00889115,nn00889115,3.0,2024-12-11T00:30:46.781000Z,39.1645,-119.0397,7.2,305.6,305.59,305.51
nn00273168,nn00273168,2.5,2008-04-26T15:35:00.200000Z,39.5209,-119.9222,3.3,305.26,305.29,305.18
nn00243352,nn00243352,2.9,2008-04-29T06:33:09.891000Z,39.533,-119.939,0.0,305.86,305.19,305.66
nn00888636,nn00888636,2.6,2024-12-10T00:13:43.152000Z,39.1616,-119.0411,12.2,304.38,304.5,304.52
nn00888863,nn00888863,2.5,2024-12-10T08:16:48.719000Z,39.1655,-119.0415,10.6,305.12,304.77,305.21
nn00165483,nn00165483,2.8,2005-10-14T21:35:17.290000Z,39.079,-119.0044,6.7,300.93,300.83,300.87
nn00586270,nn00586270,2.6,2017-04-19T15:29:29.822000Z,39.0657,-118.922,7.7,305.6,305.49,305.58
nn00527268,nn00527268,2.8,2016-01-17T14:25:18.622000Z,39.5899,-119.0908,6.4,301.85,301.63,301.78
nn00248740,nn00248740,3.7,2008-06-08T17:53:40.688000Z,39.5487,-119.9192,2.3,305.56,304.82,305.21
nn00888600,nn00888600,2.7,2024-12-09T23:34:04.833000Z,39.1484,-119.0623,14.1,305.69,305.4,305.9
nn00888607,nn00888607,3.2,2024-12-09T23:39:28.343000Z,39.1575,-119.0509,10.3,305.52,305.62,305.49
nc71451855,nc71451855,2.6,2010-09-07T13:06:56.950000Z,39.21033,-120.06767,5.71,304.37,304.89,304.31
nn00242483,nn00242483,2.5,2008-04-26T01:28:32.664000Z,39.5291,-119.9282,1.2,305.6,305.72,305.5
nn00243763,nn00243763,2.5,2008-05-02T12:26:14.360000Z,39.5371,-119.9367,4.7,305.54,304.97,305.47
nn00075738,nn00075738,2.5,2003-11-16T19:52:58.153000Z,39.4208,-119.9134,7.4,303.06,303.14,303.05
nn00242477,nn00242477,3.5,2008-04-26T01:13:20.999000Z,39.5246,-119.9283,0.9,305.25,304.6,304.96
nn00523693,nn00523693,3.1,2015-12-23T07:05:36.281000Z,39.4362,-119.7835,9.6,301.67,301.48,301.64
nn00888664,nn00888664,3.3,2024-12-10T00:40:59.340000Z,39.1584,-119.0548,10.0,47.74,49.14,48.54
nn00889584,nn00889584,3.4,2024-12-14T18:14:13.735000Z,39.1538,-119.058,9.0,305.42,305.47,305.29
nn00787091,nn00787091,3.8,2020-12-01T23:10:47.074000Z,39.4724,-119.3708,13.1,305.83,305.8,305.72
nc72321601,nc72321601,2.9,2014-10-06T08:48:04.390000Z,39.2335,-120.10067,3.42,305.15,304.83,305.02
nn00245800,nn00245800,2.8,2008-05-18T08:44:19.556000Z,39.5503,-119.9184,3.1,304.7,304.62,304.58
nn00279090,nn00279090,2.8,2008-04-26T07:09:58.733000Z,39.5277,-119.9255,0.9,291.68,291.78,291.54
nn00436659,nn00436659,2.5,2014-01-30T10:25:19.640000Z,39.4183,-119.5732,9.8,302.59,302.43,302.66
nn00606357,nn00606357,2.6,2017-09-21T21:09:28.100000Z,39.7645,-119.6985,7.3,305.2,305.15,305.18
nc21152723,nc21152723,2.5,2001-03-11T18:59:32.540000Z,39.605,-120.01417,6.46,260.41,260.9,260.39
nn00659830,nn00659830,2.7,2018-10-06T20:11:08.466000Z,39.3127,-119.9163,8.8,300.81,300.66,300.82
nn00278771,nn00278771,2.7,2008-04-26T06:43:31.342000Z,39.5055,-119.9408,1.1,301.68,301.64,301.55
nc71123164,nc71123164,2.7,2021-05-07T04:26:54.470000Z,39.46683,-120.32233,12.39,305.58,305.98,305.71
nc72428161,nc72428161,3.4,2015-04-08T05:06:43.720000Z,39.36067,-120.02083,-0.68,298.9,299.0,299.6
nn00345789,nn00345789,2.6,2011-08-22T03:01:37.484000Z,39.4831,-119.1427,4.4,304.31,304.14,304.22
nn00638434,nn00638434,3.0,2018-06-06T16:37:18.020000Z,39.4002,-119.9753,6.7,304.76,304.94,304.66
nc72983196,nc72983196,2.6,2018-03-13T05:59:06.440000Z,39.74967,-120.2975,8.28,305.36,305.7,305.36
nc21130131,nc21130131,2.7,2000-10-17T06:36:02.230000Z,39.51,-120.327,1.5,287.22,287.32,287.11
nc71126849,nc71126849,3.0,2021-05-07T04:37:38.190000Z,39.467,-120.3195,10.8,280.57,280.88,280.61
nn00380485,nn00380485,2.7,2012-06-26T19:05:51.399000Z,39.3142,-119.9942,5.7,304.56,305.09,304.49
nn00321469,nn00321469,2.9,2010-11-28T09:47:38.222000Z,39.4291,-119.8648,13.1,302.16,302.71,302.3
nn00436632,nn00436632,2.5,2014-01-30T06:19:25.353000Z,39.4191,-119.5554,4.3,303.91,303.61,303.84
nc21126268,nc21126268,2.7,2000-09-21T15:25:15.880000Z,39.51167,-120.325,1.78,284.0,283.46,283.88
nn00279659,nn00279659,3.2,2008-04-26T08:12:37.356000Z,39.5265,-119.9249,1.1,304.91,304.26,304.7
nc73643690,nc73643690,3.1,2021-10-23T21:46:28.260000Z,39.56317,-120.31283,5.98,302.35,302.8,302.21
nn00670948,nn00670948,3.2,2018-12-20T13:30:45.530000Z,39.1135,-119.7306,7.9,304.03,304.54,303.93
nc73554405,nc73554405,2.5,2021-04-25T15:54:52.140000Z,39.12667,-120.02883,6.62,305.6,306.03,305.57
nn00241404,nn00241404,3.5,2008-04-15T21:32:31.818000Z,39.5283,-119.9308,1.9,305.34,304.69,305.05
nc73343145,nc73343145,2.7,2020-02-19T08:08:45.090000Z,39.22717,-120.10467,6.41,305.27,305.82,305.21
nn00451213,nn00451213,3.2,2014-07-08T00:16:47.573000Z,39.1975,-119.7261,9.0,304.32,304.88,304.24
nn00709183,nn00709183,3.2,2019-11-01T07:00:02.215000Z,39.137,-119.6248,8.2,304.71,304.49,304.61
nc40226537,nc40226537,2.6,2008-11-21T20:34:15.130000Z,39.35967,-120.00217,2.46,300.8,300.54,300.7
nn00248430,nn00248430,2.7,2008-04-26T07:05:39.228000Z,39.5272,-119.9285,1.2,305.19,304.53,305.06
nn00241743,nn00241743,2.7,2008-04-21T00:10:13.224000Z,39.5247,-119.9302,2.9,305.41,304.86,305.3
nn00244231,nn00244231,2.5,2008-05-06T10:09:31.054000Z,39.4861,-119.8845,2.5,303.93,304.04,303.84
nn00021354,nn00021354,2.6,2000-12-17T21:14:48.739000Z,39.4648,-119.4127,13.9,305.73,306.12,305.94
nn00874356,nn00874356,2.7,2024-03-08T00:14:33.277000Z,39.4042,-119.6898,8.5,304.16,304.32,304.15
nc72193415,nc72193415,2.7,2014-04-04T05:27:43.280000Z,39.23317,-120.10417,-1.92,304.88,304.54,305.19
nn00751490,nn00751490,2.5,2020-06-21T21:59:50.034000Z,39.6054,-119.0916,6.3,303.89,303.96,303.85
nn00239462,nn00239462,3.0,2008-03-27T03:42:14.344000Z,39.5315,-119.9366,1.7,305.71,305.06,305.54
nn00122461,nn00122461,2.5,2004-12-27T15:12:14.703000Z,39.5938,-119.7949,3.4,292.87,292.29,292.79
nn00020076,nn00020076,3.4,2000-11-25T17:38:20.098000Z,39.6757,-119.293,8.9,305.45,306.03,305.32
nn00429763,nn00429763,2.7,2013-11-23T01:11:06.179000Z,39.3475,-119.9935,5.6,302.59,302.59,302.52
nc21370408,nc21370408,2.6,2004-06-12T23:02:14.950000Z,39.33117,-120.033,-0.86,298.01,298.19,298.17
nn00518397,nn00518397,2.7,2008-04-15T14:59:58.758000Z,39.5503,-119.9197,3.1,304.02,304.1,303.91
nc75037427,nc75037427,2.9,2024-07-21T03:19:19.980000Z,39.13367,-120.03367,5.3,303.35,303.72,303.24
nn00283061,nn00283061,2.9,2008-04-26T14:47:28.190000Z,39.4827,-119.9251,0.3,306.41,305.75,306.25
nn00415768,nn00415768,2.8,2013-06-20T15:06:21.644000Z,39.1105,-119.7182,9.2,304.14,304.68,304.15
nn00242157,nn00242157,3.6,2008-04-24T22:47:04.170000Z,39.528,-119.9283,2.2,305.15,305.25,304.83
nc21469100,nc21469100,2.6,2005-07-14T20:52:39.370000Z,39.32133,-120.07333,6.08,304.78,304.93,304.73
nn00618549,nn00618549,2.8,2018-01-17T03:24:53.825000Z,39.3829,-119.7531,7.0,304.06,303.89,304.0
nn00889068,nn00889068,2.9,2024-12-10T21:40:23.833000Z,39.1268,-119.0421,6.9,303.47,303.0,303.39
nn00888972,nn00888972,2.7,2024-12-10T12:58:17.256000Z,39.162,-119.0531,12.6,305.5,305.88,305.65
nn00057973,nn00057973,3.5,2002-10-21T22:30:57.457000Z,39.533,-119.1692,11.5,298.4,298.36,298.34
nn00889608,nn00889608,3.6,2024-12-15T02:23:53.987000Z,39.0803,-118.9832,8.3,305.02,304.63,304.81
nn00252300,nn00252300,2.5,2008-04-25T23:48:22.245000Z,39.5233,-119.9174,1.6,304.49,304.46,304.4
nn00167838,nn00167838,2.8,2005-09-16T16:06:20.433000Z,39.0772,-119.6417,8.3,301.57,301.52,301.55
nc73509325,nc73509325,2.6,2021-01-11T02:20:52.310000Z,39.40167,-120.172,9.81,304.07,304.76,304.12
nn00638386,nn00638386,3.1,2018-06-06T07:32:15.238000Z,39.4044,-119.9753,7.5,304.79,304.79,304.7
nn00243275,nn00243275,2.9,2008-04-28T21:34:02.581000Z,39.5192,-119.9238,3.8,305.06,304.44,304.93
nn00264665,nn00264665,2.5,2008-11-07T08:14:46.317000Z,38.8734,-119.574,0.0,300.53,300.85,300.4
nc73559260,nc73559260,3.1,2021-05-07T04:26:31.770000Z,39.46483,-120.31683,9.41,305.23,305.41,305.18
nn00518396,nn00518396,2.7,2008-04-15T14:59:46.819000Z,39.5399,-119.9075,2.0,304.97,304.82,304.85
nn00242561,nn00242561,3.4,2008-04-26T07:29:20.041000Z,39.5297,-119.9308,2.7,305.29,304.65,305.04
nn00889492,nn00889492,3.3,2024-12-13T15:33:36.399000Z,39.1294,-119.0408,8.0,304.28,303.87,304.15
nn00580233,nn00580233,2.6,2017-02-27T19:06:02.362000Z,39.0747,-118.9957,6.9,305.07,305.16,305.03
nn00512464,nn00512464,3.0,2015-09-27T10:10:03.764000Z,39.645,-119.1478,7.2,301.6,301.44,301.52
nn00321514,nn00321514,2.5,2010-11-29T18:22:27.207000Z,39.4255,-119.8648,12.6,302.6,302.92,302.77
nn00366485,nn00366485,2.9,2012-01-27T20:34:32.390000Z,39.3739,-119.9691,5.7,302.74,302.89,302.64
nn00867575,nn00867575,3.6,2023-10-18T18:26:54.225000Z,39.6241,-119.6313,11.6,305.61,305.53,305.51
nn00888585,nn00888585,2.5,2024-12-09T23:25:13.417000Z,39.1497,-119.0566,12.7,305.28,304.95,305.45
nn00337688,nn00337688,2.9,2011-05-18T15:55:50.641000Z,39.7753,-119.9084,8.3,300.75,300.78,300.71
nn00888571,nn00888571,3.2,2024-12-09T23:15:17.630000Z,39.1489,-119.0556,12.3,295.58,296.4,295.63
nn00249127,nn00249127,3.1,2008-06-08T10:13:58.652000Z,39.5468,-119.9218,2.1,305.35,304.6,305.16
nn00421303,nn00421303,4.2,2013-08-27T00:51:43.827000Z,39.6696,-119.6841,13.9,304.9,304.93,304.61
nn00242158,nn00242158,2.9,2008-04-24T22:51:06.799000Z,39.5272,-119.9331,2.1,305.56,305.31,305.41
nc73566621,nc73566621,2.9,2021-05-28T11:59:10.650000Z,39.12217,-120.029,5.8,305.13,305.55,305.03
nn00668094,nn00668094,3.2,2018-12-04T15:14:25.886000Z,39.1155,-119.7303,8.4,301.48,301.83,301.39
nn00243413,nn00243413,2.9,2008-04-29T16:14:59.935000Z,39.5274,-119.9419,0.0,306.28,305.61,306.08
nc73056106,nc73056106,3.5,2018-07-26T07:22:26.100000Z,39.232,-120.11267,3.03,305.59,306.08,305.33
nn00241185,nn00241185,3.0,2008-04-15T00:27:50.830000Z,39.5343,-119.9323,2.6,305.26,304.62,305.1
nn00242532,nn00242532,2.5,2008-04-26T06:51:39.325000Z,39.5297,-119.9312,1.0,305.35,305.21,305.25
